id;anschlussbilanzierung;bssoeorderid;coanakreaction;credentialsrequested;delegatedipv_6_prefix;delegatedipv_6_prefixlength;dnsprofile;filterid;fon_aktiv;framedipv_6_prefix;framedipv_6_prefixlength;ha_msisdn;influencesession;iptv_enabled;ipv_4_address;ipv_4_netmask;ipversion;lineid;maxdownspeed;maxsessionduration;maxupspeed;mehrfachzugang;profileid;profilset;recht_auf_feste_ipadresse;reserveprefix;teilnehmersperre;terminationprofile;to_nr;tunnelprofile;umt_service_data_ocssubscriptionid;umt_service_data_throttledownl_3;umt_service_data_throttleprofile;umt_service_data_throttleupl_3;usecase;userauthenticationrequired;voip_is_present
1;Lakes Metal Coordinator;Avon;customized Gorgeous Fresh Pizza one-to-one;indexing;National;Montana Facilitator;Internal synergize Functionality;static User-friendly Operative;Wooden Money Market Account;empowering;hack;mindshare Berkshire;Pants;mobile SMS Handmade;Health Usability Keyboard;efficient Wall;Granite bluetooth Savings Account;Iowa calculating Decentralized;parse;standardization Handcrafted Cotton Towels payment;Keyboard;matrices Buckinghamshire;dynamic Checking Account;backing up;XSS content HTTP;Electronics Licensed;Lempira;virtual;Tasty Outdoors Central;e-business Rustic navigate;Chilean Peso Unidades de fomento;Rial Omani Spain Poland;Dynamic Checking Account;Credit Card Account brand;Future;strategize Norfolk Island;Iowa
2;Concrete Fully-configurable Haven;Future;invoice;JBOD;Tajikistan Ball;transform Assimilated card;Venezuela compressing;Data Electronics copying;Associate Global;Wells;Equatorial Guinea Skyway;B2C aggregate;Arizona;Arkansas Tuna Cross-group;mindshare AI Borders;Avon;Liberia;Checking Account Wisconsin FTP;hacking Granite;Soft compressing;capacitor synthesizing;Handmade Metal Keyboard;brand Marketing;Home extensible Corporate;Crescent Licensed Granite Pizza Soft;port Division e-business;transmit Executive Incredible;Shirt withdrawal;Alabama;Total Cambridgeshire;Incredible Plastic Table;magnetic index Metal;Florida Azerbaijanian Manat Orchestrator;Functionality Global users;Solomon Islands Dollar harness;e-business Handmade Plastic Computer;Granite Metal Handcrafted Metal Tuna
3;invoice foreground Outdoors;Small Borders;connect Small Fresh Bike;Avon Gibraltar;Gorgeous Administrator Checking Account;capacitor;Marketing open-source Serbian Dinar;synergies invoice;Pizza;Practical Concrete Salad withdrawal payment;indexing deposit;Factors Quality Ergonomic Concrete Bike;Fish extensible Home;Soap Frozen;Cambridgeshire;Salad Enhanced Rustic Wooden Pants;New York Peso Uruguayo Uruguay Peso en Unidades Indexadas optical;high-level;driver;Metal alliance;Home Loan Account programming protocol;Group Practical Rubber Hat parse;Florida Corporate;Paradigm paradigm Tasty;action-items Tasty Direct;Outdoors mesh;Sausages model functionalities;Borders AI;Communications communities;Car;Games;mint green;Small Frozen Chicken multi-byte Forward;Forward Maryland;black Small;Rubber;North Carolina Guinea-Bissau
4;reinvent Mission;Proactive generating turquoise;Computer Borders Checking Account;deliverables payment;Granite;Automotive;GB Dynamic Car;Implementation payment;system Horizontal Personal Loan Account;Heard Island and McDonald Islands Wooden Exclusive;Investment Account;bifurcated parsing navigating;deploy;Checking Account reboot;Sharable override Director;Personal Loan Account;New Hampshire New York invoice;Computer Infrastructure open-source;Handmade;Sleek;Networked workforce;static;maroon Bond Markets Units European Composite Unit (EURCO);Automotive Baby Security;firewall Liaison;withdrawal Taka Organic;protocol front-end ivory;cultivate;Group Avon Metrics;iterate;Credit Card Account Tajikistan;Square;target matrix bus;systematic invoice Auto Loan Account;back-end tan;Applications Indian Rupee Ngultrum;architect
5;Missouri Metal;USB Small Concrete Chair;efficient transition Incredible Concrete Chicken;wireless Operations;virtual Borders;index;knowledge user Auto Loan Account;Locks withdrawal;United Arab Emirates deliver;Buckinghamshire Bedfordshire;Sleek Global FTP;generate viral;plum Product turquoise;New Jersey Arizona;Personal Loan Account sexy Analyst;e-services;visualize copying;Cotton Triple-buffered virtual;bandwidth;back up sexy Administrator;hard drive Group;deposit reinvent Specialist;Rustic Handmade Granite Table system;deposit;visionary Analyst Shoes;calculate transform;Coves Table;Generic Wooden Keyboard blue Rustic;Avon;Cheese Generic Fresh Tuna;deliver;Israel Fantastic Wooden Car SQL;Toys Hat scalable;Honduras Total Buckinghamshire;pixel;navigating Cambridgeshire;support Gorgeous Handcrafted Granite Tuna
6;Incredible Steel Soap;hard drive Diverse navigating;indexing Vietnam;Democratic People's Republic of Korea;Reverse-engineered;firewall Missouri;Awesome Steel Soap;Intelligent Internal;Computers Tunnel;reboot Product;Land Madagascar Gourde US Dollar;user-centric extensible;turquoise Somoni Mauritius Rupee;system;Markets Central parse;Ridge;toolset Checking Account Marketing;Utah Greece turquoise;Berkshire Operative;invoice;Investment Account;next-generation Michigan calculate;Integrated HTTP;Causeway Director bypass;Internal withdrawal Austria;Ergonomic Fresh Chips;synergies methodologies;Open-source Incredible optimize;CSS Ball Facilitator;Falkland Islands (Malvinas) tan silver;Fantastic;compressing multi-byte;mobile Consultant;compress parsing navigating;Regional Village Central;Associate Accounts Money Market Account;Saint Martin reboot bleeding-edge
7;JSON olive;portals Philippines;Direct hard drive redundant;Fantastic Bedfordshire;Pakistan Rupee;matrix experiences Enterprise-wide;e-markets California needs-based;Peso Uruguayo Uruguay Peso en Unidades Indexadas Drive;archive Expanded Rwanda Franc;bypassing;Synergistic Pine;withdrawal;mobile functionalities;Tuna matrix invoice;web-enabled Seychelles Rupee;RAM;olive Applications;Configuration Investor;override;grid-enabled;override Incredible;Regional Web;capacitor Industrial;JSON;Falkland Islands Pound Sports Belarussian Ruble;Zambian Kwacha;Representative invoice Baby;extend;orange Rustic;Manager optimal;internet solution;algorithm synthesize;cross-platform;Swedish Krona XML;XML;AI;SCSI
8;e-business;Cross-platform;Shirt programming;optimizing Credit Card Account;interactive;Tennessee;Handcrafted Identity;Mali purple Arkansas;logistical;Rubber protocol Bedfordshire;circuit Gorgeous Home Loan Account;Data Rustic;deliverables Associate;Electronics Chief New York;back-end;Berkshire;SCSI Intuitive;yellow;compress;primary;ADP Metal Orchestrator;recontextualize Industrial e-tailers;Bedfordshire Money Market Account;lime;invoice;Cotton Utah Avon;Industrial Developer;e-markets;Corporate analyzing Unbranded;sky blue;cross-platform;Investment Account Squares Pennsylvania;Incredible Soft Chips;application redundant;Forward;harness Idaho;programming Bulgaria circuit
9;system engine;Corporate Incredible Soft Bacon Clothing;Self-enabling success bricks-and-clicks;Clothing Central granular;application;array;Designer customized;architectures FTP TCP;explicit plum convergence;Administrator Pennsylvania Keyboard;Legacy vortals syndicate;Buckinghamshire hack;orchestration;Avon;eyeballs;Architect;Chair engage bypassing;Shoes Re-contextualized;Generic;Berkshire;calculate withdrawal task-force;Tennessee back up methodology;pricing structure Functionality Boliviano Mvdol;seize Personal Loan Account Directives;Bahraini Dinar;generate Communications Robust;connect;Applications Checking Account;Terrace synergy customer loyalty;project;New Hampshire Cheese Internal;bypassing Cloned;ability;aggregate Cordoba Oro collaborative;Data bypass;system Garden;European Monetary Unit (E.M.U.-6) Specialist invoice
10;collaboration Technician Unbranded;Automotive;Fresh;open architecture hybrid;Multi-tiered fuchsia USB;workforce Borders;e-markets Keyboard;experiences;invoice;Analyst data-warehouse Delaware;Ergonomic Oklahoma Savings Account;Practical Wooden Pizza grey SDD;Buckinghamshire;West Virginia user-centric incubate;Fall Small sticky;Analyst indigo;Cheese;copying Oklahoma;Cambridgeshire Bedfordshire;Unbranded Cotton Gloves;CSS withdrawal;Technician harness Music;monetize database Chief;deposit Total;Serbian Dinar capacity copy;Technician calculating Turnpike;mindshare Ball microchip;mobile Summit;Plastic Cambridgeshire;auxiliary deposit Tactics;UIC-Franc Steel;XML;Markets olive;Shores Balanced unleash;moratorium;panel Guinea Executive;aggregate calculate
