id;asskeng;calid;dlgipv_6_prefix;dlgipv_6_prefixlen;dns_profile;errorelement;errormessage;errorvalue;filterid;frmdipv_6_prefix;frmdipv_6_prefixlen;ipaddress;ipnetmask;ipversion;keyid;max_down_l_3;max_session_duration;max_up_l_3;mfzg;msisdn;netprofileid;origin;passwort;passwort_enc;policy_group;profilset;rc;rectime;request_id;reserveprefix;returnmessage;rsptime;tlnnr;tlnsps;tunnel_profile;umt_service_data;user_auth_required
1;bluetooth Soft;open-source Illinois aggregate;Graphic Interface bypass;Industrial Outdoors sky blue;calculate;primary impactful Chicken;Buckinghamshire Associate envisioneer;silver contextually-based;RAM Intelligent Generic Frozen Salad;Shoes Minnesota;deposit overriding;Islands utilisation Cambodia;Refined;e-services;New Mexico Markets;Refined Wooden Tuna;open-source harness;Ghana Sleek Frozen Chicken;Money Market Account Designer SSL;Senior;24/365;North Carolina Nigeria;paradigm;Liaison navigating;Awesome customized networks;Fish Rubber;indigo Optional deposit;online Mouse deposit;indexing;indexing;transition;Chair Buckinghamshire Business-focused;payment mobile matrix;Licensed invoice Ergonomic;pixel;Sao Tome and Principe Lead clear-thinking;Robust global
2;ivory Director;Object-based Refined Steel Keyboard driver;contextually-based ivory Borders;neutral;transmit;e-enable;COM;Panama Fantastic Wooden Pants;Florida;Rand Loti;bypass French Polynesia;override transform applications;Tasty Lock;Iranian Rial Kids;Pula Investment Account;communities Program virtual;Maryland Avon Bike;Ranch Pike;payment extensible;Rustic adapter niches;Gloves;Buckinghamshire;Synergistic Ergonomic;Hong Kong Dollar application Frozen;Mount Azerbaijan deposit;mesh parse;withdrawal New Zealand Dollar;Advanced Cook Islands;invoice schemas;Borders;interfaces Re-contextualized;New Jersey Taiwan;core;Practical Wooden Shirt Brand;Personal Loan Account streamline;Investor SSL overriding;Rubber Outdoors Generic
3;Fiji;circuit;Saudi Riyal European Unit of Account 17(E.U.A.-17) JBOD;Cheese;Internal;Regional Venezuela eyeballs;Dobra;Mobility;Mount Sports Creative;Gloves enterprise Danish Krone;Syrian Pound implement Garden;back up Bike Personal Loan Account;Oregon transmit Unbranded Soft Tuna;synergies analyzing cross-platform;Gorgeous haptic multi-tasking;Toys deploy;enterprise Planner index;Centralized Investor;program;Producer;Buckinghamshire;back up Bedfordshire;bypassing methodology system-worthy;Group Cotton;quantifying;payment Dam;calculating generate;Tactics Saint Kitts and Nevis;Direct Computer Tuna;Arizona;best-of-breed Coordinator Ergonomic;indexing Drive Future;Trinidad and Tobago Dollar;Customer context-sensitive;Tasty Expanded Assistant;pink;Plastic Chips Via
4;Creative;sky blue;Fantastic compressing;backing up;Avon;navigate end-to-end Garden;SDD synthesize Land;Tactics transmit Investment Account;azure;Burkina Faso;sensor bluetooth calculate;Cambridgeshire;cross-platform Lead Director;productivity Virginia;Paradigm workforce Movies;firmware Generic Steel Soap Small Cotton Pizza;override lavender;Optional FTP lime;Mews green Avon;wireless Sri Lanka Rupee invoice;client-driven;online;Soft withdrawal Frozen;Planner;Causeway Toys connect;supply-chains;functionalities Future;reboot bricks-and-clicks;Unbranded primary;bypassing;National Global;benchmark;User-friendly quantifying;Rubber olive Realigned;Garden Bedfordshire;JSON Swaziland;Island multi-byte
5;Sleek Rubber Towels Bacon Trail;HDD generating Branding;indigo Groves quantifying;algorithm;installation;Customer applications;Designer;bypassing Keyboard Team-oriented;firewall AI;transparent;Fantastic Concrete Tuna;Wooden;Michigan matrices;Berkshire;Facilitator;Club reciprocal Refined Granite Soap;matrix Avon;card Home Electronics;calculate 1080p Monitored;Home Loan Account Harbors;Investor calculate District;Ethiopian Birr Rustic Plastic Chips;withdrawal;Small Rubber Towels Incredible;strategize;black Bedfordshire Aruban Guilder;Prairie;Handcrafted Steel Ball invoice scalable;Small Concrete Bacon;global Nevada Home Loan Account;card;Function-based;pink Awesome Car;1080p;Intelligent Romania;red Fully-configurable;programming
6;COM;deliver Orchestrator PCI;transmitter Tools;hacking Steel;Texas Associate;Senior array;back up portals;parse;hacking;Saint Pierre and Miquelon;Adaptive Outdoors Shoes;Incredible;Managed invoice;bypassing digital;success database Steel;solid state responsive Pines;Designer Illinois driver;rich contextually-based Malagasy Ariary;Avon interface;Fords;channels;Automated;productivity;Associate Malawi Licensed Granite Mouse;program indexing User-friendly;Steel yellow;redundant;interface Consultant;overriding reboot Buckinghamshire;enable copying Rustic Concrete Computer;Metal;parsing;Lilangeni;foreground Avon Paradigm;index Metal value-added;Awesome Metal Salad input Buckinghamshire;Cordoba Oro parallelism Glens
7;robust;navigating;National Delaware;Bike lavender;Cuba;system;synthesize Incredible;Dominica paradigm;encryption Grocery Strategist;leverage;Granite red;1080p;Small Rand Namibia Dollar;real-time;EXE California framework;Central Jewelery;Shoes Concrete;Qatar;Wall software;Belgium;optimal Unbranded;Creative Refined;RSS Unbranded;reintermediate;parsing best-of-breed;Buckinghamshire invoice leading edge;Alaska Polarised;magenta;Open-source;Universal Music integrate;redefine olive;Manager systems TCP;optical deposit Architect;Borders indexing synthesize;hack Investment Account Specialist;Intelligent;leading edge
8;Movies interface;Quality;Product cross-platform;Estates multi-state Handmade;frictionless Chair Cambridgeshire;convergence Program;Enterprise-wide Customer;JSON IB;synthesize Gorgeous;Concrete backing up generating;application;Frozen;partnerships;solid state;Quality Wooden payment;alarm;AGP Organic Somalia;feed Personal Loan Account;haptic Shoes Technician;Iowa;Usability;Auto Loan Account Communications Pines;Global hierarchy;USB PNG;Agent;Refined Concrete Mouse Wooden;Avon Chicken Pizza;Director deposit;back-end Key programming;turn-key Nuevo Sol copy;Checking Account;Home;Coordinator European Unit of Account 9(E.U.A.-9) Rhode Island;Frozen;tertiary Diverse;Practical;Sleek algorithm Baht
9;parse Village;Cambridgeshire;zero administration;sensor Soft Saudi Riyal;bypass;Money Market Account District Movies;Cambridgeshire incremental;enable Shoal;EXE online;Dam;grey azure;haptic Chips initiatives;synthesize withdrawal;Benin;Bermudian Dollar (customarily known as Bermuda Dollar) didactic Executive;1080p architecture;Moroccan Dirham clicks-and-mortar Shirt;synergize Awesome;core;Rustic;Cove;withdrawal Fish Games;Forward;Avon leverage Yen;Gloves;circuit Officer GB;system-worthy;interactive Tuvalu transmit;Investor;Practical Granite Sausages Research Cape Verde;New York;Pizza;Accountability;Personal Loan Account gold;Soft experiences;Malaysian Ringgit Investor Bedfordshire;ADP
10;payment;executive;Human Berkshire;Cheese Vista;interactive;Valleys Faroe Islands Plastic;TCP;Quality;Home Loan Account;Way Strategist Sausages;Handmade;Practical Steel Sausages Field Square;quantify Cloned;Computers orchid Manager;Skyway primary vortals;mobile maroon;Baby;deposit Pakistan Rupee;attitude-oriented 24/365 Gibraltar;transmitter Rufiyaa;bus;innovative Facilitator Auto Loan Account;microchip Arkansas;COM;virtual;bypassing pink Rustic;optical Games Egyptian Pound;sky blue;Faroe Islands yellow;Common connecting compressing;Investment Account Avon markets;Louisiana invoice;Avon Connecticut Mobility;hack SDR;Baht invoice;embrace compress JBOD;monitor
